"epoch","new_k5_org_svoA5k_YJ_20231126T023922 - _step","new_k5_org_svoA5k_YJ_20231126T023922 - _step__MIN","new_k5_org_svoA5k_YJ_20231126T023922 - _step__MAX","new_k5_org_svoA5k_YJ_20231126T023922 - val_avg_reward","new_k5_org_svoA5k_YJ_20231126T023922 - val_avg_reward__MIN","new_k5_org_svoA5k_YJ_20231126T023922 - val_avg_reward__MAX","new_k20_org_svoA5k_YJ_20231126T023922 - _step","new_k20_org_svoA5k_YJ_20231126T023922 - _step__MIN","new_k20_org_svoA5k_YJ_20231126T023922 - _step__MAX","new_k20_org_svoA5k_YJ_20231126T023922 - val_avg_reward","new_k20_org_svoA5k_YJ_20231126T023922 - val_avg_reward__MIN","new_k20_org_svoA5k_YJ_20231126T023922 - val_avg_reward__MAX","new_k20_rel_svoA5k_YJ_20231124T215227 - _step","new_k20_rel_svoA5k_YJ_20231124T215227 - _step__MIN","new_k20_rel_svoA5k_YJ_20231124T215227 - _step__MAX","new_k20_rel_svoA5k_YJ_20231124T215227 - val_avg_reward","new_k20_rel_svoA5k_YJ_20231124T215227 - val_avg_reward__MIN","new_k20_rel_svoA5k_YJ_20231124T215227 - val_avg_reward__MAX","new_k5_rel_fast_svoA5k_YJ_20231124T191507 - _step","new_k5_rel_fast_svoA5k_YJ_20231124T191507 - _step__MIN","new_k5_rel_fast_svoA5k_YJ_20231124T191507 - _step__MAX","new_k5_rel_fast_svoA5k_YJ_20231124T191507 - val_avg_reward","new_k5_rel_fast_svoA5k_YJ_20231124T191507 - val_avg_reward__MIN","new_k5_rel_fast_svoA5k_YJ_20231124T191507 - val_avg_reward__MAX","k0_rel_svoA5k_YJ_20231123T021820 - _step","k0_rel_svoA5k_YJ_20231123T021820 - _step__MIN","k0_rel_svoA5k_YJ_20231123T021820 - _step__MAX","k0_rel_svoA5k_YJ_20231123T021820 - val_avg_reward","k0_rel_svoA5k_YJ_20231123T021820 - val_avg_reward__MIN","k0_rel_svoA5k_YJ_20231123T021820 - val_avg_reward__MAX"
"0","50","50","50","10.502708435058594","10.502708435058594","10.502708435058594","50","50","50","10.599114418029785","10.599114418029785","10.599114418029785","50","50","50","10.68374252319336","10.68374252319336","10.68374252319336","50","50","50","10.432999610900879","10.432999610900879","10.432999610900879","50","50","50","10.424466133117676","10.424466133117676","10.424466133117676"
"1","101","101","101","10.426366806030273","10.426366806030273","10.426366806030273","101","101","101","10.517902374267578","10.517902374267578","10.517902374267578","101","101","101","10.412850379943848","10.412850379943848","10.412850379943848","101","101","101","10.20026969909668","10.20026969909668","10.20026969909668","101","101","101","10.309856414794922","10.309856414794922","10.309856414794922"
"2","152","152","152","10.282574653625488","10.282574653625488","10.282574653625488","152","152","152","10.287529945373535","10.287529945373535","10.287529945373535","152","152","152","10.329906463623047","10.329906463623047","10.329906463623047","152","152","152","10.162625312805176","10.162625312805176","10.162625312805176","152","152","152","10.227389335632324","10.227389335632324","10.227389335632324"
"3","203","203","203","10.1182222366333","10.1182222366333","10.1182222366333","203","203","203","10.22293472290039","10.22293472290039","10.22293472290039","203","203","203","10.202327728271484","10.202327728271484","10.202327728271484","203","203","203","10.028313636779785","10.028313636779785","10.028313636779785","203","203","203","10.099647521972656","10.099647521972656","10.099647521972656"
"4","254","254","254","10.069794654846191","10.069794654846191","10.069794654846191","254","254","254","10.129319190979004","10.129319190979004","10.129319190979004","254","254","254","10.075629234313965","10.075629234313965","10.075629234313965","254","254","254","9.941909790039062","9.941909790039062","9.941909790039062","254","254","254","10.027974128723145","10.027974128723145","10.027974128723145"
"5","305","305","305","9.968026161193848","9.968026161193848","9.968026161193848","305","305","305","10.06070327758789","10.06070327758789","10.06070327758789","305","305","305","10.03187370300293","10.03187370300293","10.03187370300293","305","305","305","9.936878204345703","9.936878204345703","9.936878204345703","305","305","305","9.925470352172852","9.925470352172852","9.925470352172852"
"6","356","356","356","9.905008316040039","9.905008316040039","9.905008316040039","356","356","356","10.054076194763184","10.054076194763184","10.054076194763184","356","356","356","9.986210823059082","9.986210823059082","9.986210823059082","356","356","356","9.923392295837402","9.923392295837402","9.923392295837402","356","356","356","9.894006729125977","9.894006729125977","9.894006729125977"
"7","407","407","407","9.884221076965332","9.884221076965332","9.884221076965332","407","407","407","10.039582252502441","10.039582252502441","10.039582252502441","407","407","407","9.897168159484863","9.897168159484863","9.897168159484863","407","407","407","9.88218879699707","9.88218879699707","9.88218879699707","407","407","407","9.829113960266113","9.829113960266113","9.829113960266113"
"8","458","458","458","9.84764575958252","9.84764575958252","9.84764575958252","458","458","458","10.033590316772461","10.033590316772461","10.033590316772461","458","458","458","9.834185600280762","9.834185600280762","9.834185600280762","458","458","458","9.813759803771973","9.813759803771973","9.813759803771973","458","458","458","9.823776245117188","9.823776245117188","9.823776245117188"
"9","509","509","509","9.811888694763184","9.811888694763184","9.811888694763184","509","509","509","9.936638832092285","9.936638832092285","9.936638832092285","509","509","509","9.86019229888916","9.86019229888916","9.86019229888916","509","509","509","9.789374351501465","9.789374351501465","9.789374351501465","509","509","509","9.772506713867188","9.772506713867188","9.772506713867188"
"10","560","560","560","9.78545093536377","9.78545093536377","9.78545093536377","560","560","560","9.940926551818848","9.940926551818848","9.940926551818848","560","560","560","9.816452980041504","9.816452980041504","9.816452980041504","560","560","560","9.739672660827637","9.739672660827637","9.739672660827637","560","560","560","9.862359046936035","9.862359046936035","9.862359046936035"
"11","611","611","611","9.770108222961426","9.770108222961426","9.770108222961426","611","611","611","9.930709838867188","9.930709838867188","9.930709838867188","611","611","611","9.783472061157227","9.783472061157227","9.783472061157227","611","611","611","9.700738906860352","9.700738906860352","9.700738906860352","611","611","611","9.719749450683594","9.719749450683594","9.719749450683594"
"12","662","662","662","9.691402435302734","9.691402435302734","9.691402435302734","662","662","662","9.837401390075684","9.837401390075684","9.837401390075684","662","662","662","9.75245189666748","9.75245189666748","9.75245189666748","662","662","662","9.73614501953125","9.73614501953125","9.73614501953125","662","662","662","9.694474220275879","9.694474220275879","9.694474220275879"
"13","713","713","713","9.71825122833252","9.71825122833252","9.71825122833252","713","713","713","9.936422348022461","9.936422348022461","9.936422348022461","713","713","713","9.755454063415527","9.755454063415527","9.755454063415527","713","713","713","9.705313682556152","9.705313682556152","9.705313682556152","713","713","713","9.699435234069824","9.699435234069824","9.699435234069824"
"14","764","764","764","9.689702033996582","9.689702033996582","9.689702033996582","764","764","764","9.81277847290039","9.81277847290039","9.81277847290039","764","764","764","9.760359764099121","9.760359764099121","9.760359764099121","764","764","764","9.721911430358887","9.721911430358887","9.721911430358887","764","764","764","9.649043083190918","9.649043083190918","9.649043083190918"
"15","815","815","815","9.656096458435059","9.656096458435059","9.656096458435059","815","815","815","9.88874340057373","9.88874340057373","9.88874340057373","815","815","815","9.706208229064941","9.706208229064941","9.706208229064941","815","815","815","9.665518760681152","9.665518760681152","9.665518760681152","815","815","815","9.651575088500977","9.651575088500977","9.651575088500977"
"16","866","866","866","9.67836856842041","9.67836856842041","9.67836856842041","866","866","866","9.817850112915039","9.817850112915039","9.817850112915039","866","866","866","9.762234687805176","9.762234687805176","9.762234687805176","866","866","866","9.654695510864258","9.654695510864258","9.654695510864258","866","866","866","9.626855850219727","9.626855850219727","9.626855850219727"
"17","917","917","917","9.606011390686035","9.606011390686035","9.606011390686035","917","917","917","9.770275115966797","9.770275115966797","9.770275115966797","917","917","917","9.648723602294922","9.648723602294922","9.648723602294922","917","917","917","9.61532974243164","9.61532974243164","9.61532974243164","917","917","917","9.621739387512207","9.621739387512207","9.621739387512207"
"18","968","968","968","9.609981536865234","9.609981536865234","9.609981536865234","968","968","968","9.747703552246094","9.747703552246094","9.747703552246094","968","968","968","9.680387496948242","9.680387496948242","9.680387496948242","968","968","968","9.599382400512695","9.599382400512695","9.599382400512695","968","968","968","9.597481727600098","9.597481727600098","9.597481727600098"
"19","1019","1019","1019","9.636311531066895","9.636311531066895","9.636311531066895","1019","1019","1019","9.804657936096191","9.804657936096191","9.804657936096191","1019","1019","1019","9.691086769104004","9.691086769104004","9.691086769104004","1019","1019","1019","9.603852272033691","9.603852272033691","9.603852272033691","1019","1019","1019","9.625775337219238","9.625775337219238","9.625775337219238"
"20","1070","1070","1070","9.591842651367188","9.591842651367188","9.591842651367188","1070","1070","1070","9.718816757202148","9.718816757202148","9.718816757202148","1070","1070","1070","9.662466049194336","9.662466049194336","9.662466049194336","1070","1070","1070","9.615620613098145","9.615620613098145","9.615620613098145","1070","1070","1070","9.634180068969727","9.634180068969727","9.634180068969727"
"21","1121","1121","1121","9.582636833190918","9.582636833190918","9.582636833190918","1121","1121","1121","9.745559692382812","9.745559692382812","9.745559692382812","1121","1121","1121","9.65345287322998","9.65345287322998","9.65345287322998","1121","1121","1121","9.613592147827148","9.613592147827148","9.613592147827148","1121","1121","1121","9.603968620300293","9.603968620300293","9.603968620300293"
"22","1172","1172","1172","9.568943977355957","9.568943977355957","9.568943977355957","1172","1172","1172","9.708898544311523","9.708898544311523","9.708898544311523","1172","1172","1172","9.684685707092285","9.684685707092285","9.684685707092285","1172","1172","1172","9.577937126159668","9.577937126159668","9.577937126159668","1172","1172","1172","9.579574584960938","9.579574584960938","9.579574584960938"
"23","1223","1223","1223","9.552621841430664","9.552621841430664","9.552621841430664","1223","1223","1223","9.684889793395996","9.684889793395996","9.684889793395996","1223","1223","1223","9.630974769592285","9.630974769592285","9.630974769592285","1223","1223","1223","9.551267623901367","9.551267623901367","9.551267623901367","1223","1223","1223","9.596158981323242","9.596158981323242","9.596158981323242"
"24","1274","1274","1274","9.599935531616211","9.599935531616211","9.599935531616211","1274","1274","1274","9.696690559387207","9.696690559387207","9.696690559387207","1274","1274","1274","9.619236946105957","9.619236946105957","9.619236946105957","1274","1274","1274","9.5936918258667","9.5936918258667","9.5936918258667","1274","1274","1274","9.528919219970703","9.528919219970703","9.528919219970703"
"25","1325","1325","1325","9.538028717041016","9.538028717041016","9.538028717041016","1325","1325","1325","9.696325302124023","9.696325302124023","9.696325302124023","1325","1325","1325","9.583693504333496","9.583693504333496","9.583693504333496","1325","1325","1325","9.61059856414795","9.61059856414795","9.61059856414795","1325","1325","1325","9.559560775756836","9.559560775756836","9.559560775756836"
"26","1376","1376","1376","9.505759239196777","9.505759239196777","9.505759239196777","1376","1376","1376","9.671281814575195","9.671281814575195","9.671281814575195","1376","1376","1376","9.617927551269531","9.617927551269531","9.617927551269531","1376","1376","1376","9.59957218170166","9.59957218170166","9.59957218170166","1376","1376","1376","9.543121337890625","9.543121337890625","9.543121337890625"
"27","1427","1427","1427","9.53974723815918","9.53974723815918","9.53974723815918","1427","1427","1427","9.661456108093262","9.661456108093262","9.661456108093262","1427","1427","1427","9.561201095581055","9.561201095581055","9.561201095581055","1427","1427","1427","9.551714897155762","9.551714897155762","9.551714897155762","1427","1427","1427","9.560956954956055","9.560956954956055","9.560956954956055"
"28","1478","1478","1478","9.547439575195312","9.547439575195312","9.547439575195312","1478","1478","1478","9.630805969238281","9.630805969238281","9.630805969238281","1478","1478","1478","9.610026359558105","9.610026359558105","9.610026359558105","1478","1478","1478","9.550064086914062","9.550064086914062","9.550064086914062","1478","1478","1478","9.528128623962402","9.528128623962402","9.528128623962402"
"29","1529","1529","1529","9.501240730285645","9.501240730285645","9.501240730285645","1529","1529","1529","9.621675491333008","9.621675491333008","9.621675491333008","1529","1529","1529","9.590615272521973","9.590615272521973","9.590615272521973","1529","1529","1529","9.535489082336426","9.535489082336426","9.535489082336426","1529","1529","1529","9.541834831237793","9.541834831237793","9.541834831237793"
"30","1580","1580","1580","9.519700050354004","9.519700050354004","9.519700050354004","1580","1580","1580","9.645365715026855","9.645365715026855","9.645365715026855","1580","1580","1580","9.58800220489502","9.58800220489502","9.58800220489502","1580","1580","1580","9.541157722473145","9.541157722473145","9.541157722473145","1580","1580","1580","9.56204891204834","9.56204891204834","9.56204891204834"
"31","1631","1631","1631","9.528306007385254","9.528306007385254","9.528306007385254","1631","1631","1631","9.600166320800781","9.600166320800781","9.600166320800781","1631","1631","1631","9.547347068786621","9.547347068786621","9.547347068786621","1631","1631","1631","9.557258605957031","9.557258605957031","9.557258605957031","1631","1631","1631","9.51499080657959","9.51499080657959","9.51499080657959"
"32","1682","1682","1682","9.546954154968262","9.546954154968262","9.546954154968262","1682","1682","1682","9.609037399291992","9.609037399291992","9.609037399291992","1682","1682","1682","9.568230628967285","9.568230628967285","9.568230628967285","1682","1682","1682","9.554726600646973","9.554726600646973","9.554726600646973","1682","1682","1682","9.542730331420898","9.542730331420898","9.542730331420898"
"33","1733","1733","1733","9.492740631103516","9.492740631103516","9.492740631103516","1733","1733","1733","9.655662536621094","9.655662536621094","9.655662536621094","1733","1733","1733","9.538861274719238","9.538861274719238","9.538861274719238","1733","1733","1733","9.534196853637695","9.534196853637695","9.534196853637695","1733","1733","1733","9.507594108581543","9.507594108581543","9.507594108581543"
"34","1784","1784","1784","9.514632225036621","9.514632225036621","9.514632225036621","1784","1784","1784","9.605852127075195","9.605852127075195","9.605852127075195","1784","1784","1784","9.545093536376953","9.545093536376953","9.545093536376953","1784","1784","1784","9.538174629211426","9.538174629211426","9.538174629211426","1784","1784","1784","9.527606964111328","9.527606964111328","9.527606964111328"
"35","1835","1835","1835","9.479204177856445","9.479204177856445","9.479204177856445","1835","1835","1835","9.569656372070312","9.569656372070312","9.569656372070312","1835","1835","1835","9.540172576904297","9.540172576904297","9.540172576904297","1835","1835","1835","9.525392532348633","9.525392532348633","9.525392532348633","1835","1835","1835","9.513925552368164","9.513925552368164","9.513925552368164"
"36","1886","1886","1886","9.489134788513184","9.489134788513184","9.489134788513184","1886","1886","1886","9.597333908081055","9.597333908081055","9.597333908081055","1886","1886","1886","9.506613731384277","9.506613731384277","9.506613731384277","1886","1886","1886","9.470541000366211","9.470541000366211","9.470541000366211","1886","1886","1886","9.491183280944824","9.491183280944824","9.491183280944824"
"37","1937","1937","1937","9.492263793945312","9.492263793945312","9.492263793945312","1937","1937","1937","9.617542266845703","9.617542266845703","9.617542266845703","1937","1937","1937","9.525932312011719","9.525932312011719","9.525932312011719","1937","1937","1937","9.506338119506836","9.506338119506836","9.506338119506836","1937","1937","1937","9.49209213256836","9.49209213256836","9.49209213256836"
"38","1988","1988","1988","9.471298217773438","9.471298217773438","9.471298217773438","1988","1988","1988","9.593900680541992","9.593900680541992","9.593900680541992","1988","1988","1988","9.54164981842041","9.54164981842041","9.54164981842041","1988","1988","1988","9.534079551696777","9.534079551696777","9.534079551696777","1988","1988","1988","9.508987426757812","9.508987426757812","9.508987426757812"
"39","2039","2039","2039","9.486698150634766","9.486698150634766","9.486698150634766","2039","2039","2039","9.566278457641602","9.566278457641602","9.566278457641602","2039","2039","2039","9.514932632446289","9.514932632446289","9.514932632446289","2039","2039","2039","9.519097328186035","9.519097328186035","9.519097328186035","2039","2039","2039","9.48740005493164","9.48740005493164","9.48740005493164"
"40","2090","2090","2090","9.50473403930664","9.50473403930664","9.50473403930664","2090","2090","2090","9.552644729614258","9.552644729614258","9.552644729614258","2090","2090","2090","9.499378204345703","9.499378204345703","9.499378204345703","2090","2090","2090","9.491971969604492","9.491971969604492","9.491971969604492","2090","2090","2090","9.481782913208008","9.481782913208008","9.481782913208008"
"41","2141","2141","2141","9.472678184509277","9.472678184509277","9.472678184509277","2141","2141","2141","9.560261726379395","9.560261726379395","9.560261726379395","2141","2141","2141","9.49976921081543","9.49976921081543","9.49976921081543","2141","2141","2141","9.482169151306152","9.482169151306152","9.482169151306152","2141","2141","2141","9.484153747558594","9.484153747558594","9.484153747558594"
"42","2192","2192","2192","9.442005157470703","9.442005157470703","9.442005157470703","2192","2192","2192","9.554718971252441","9.554718971252441","9.554718971252441","2192","2192","2192","9.52204418182373","9.52204418182373","9.52204418182373","2192","2192","2192","9.502769470214844","9.502769470214844","9.502769470214844","2192","2192","2192","9.50068187713623","9.50068187713623","9.50068187713623"
"43","2243","2243","2243","9.466134071350098","9.466134071350098","9.466134071350098","2243","2243","2243","9.603608131408691","9.603608131408691","9.603608131408691","2243","2243","2243","9.487661361694336","9.487661361694336","9.487661361694336","2243","2243","2243","9.45983600616455","9.45983600616455","9.45983600616455","2243","2243","2243","9.49677562713623","9.49677562713623","9.49677562713623"
"44","2294","2294","2294","9.476975440979004","9.476975440979004","9.476975440979004","2294","2294","2294","9.524500846862793","9.524500846862793","9.524500846862793","2294","2294","2294","9.5186185836792","9.5186185836792","9.5186185836792","2294","2294","2294","9.510796546936035","9.510796546936035","9.510796546936035","2294","2294","2294","9.479803085327148","9.479803085327148","9.479803085327148"
"45","2345","2345","2345","9.43101692199707","9.43101692199707","9.43101692199707","2345","2345","2345","9.535017013549805","9.535017013549805","9.535017013549805","2345","2345","2345","9.50910758972168","9.50910758972168","9.50910758972168","2345","2345","2345","9.479445457458496","9.479445457458496","9.479445457458496","2345","2345","2345","9.448546409606934","9.448546409606934","9.448546409606934"
"46","2396","2396","2396","9.466584205627441","9.466584205627441","9.466584205627441","2396","2396","2396","9.534046173095703","9.534046173095703","9.534046173095703","2396","2396","2396","9.55837631225586","9.55837631225586","9.55837631225586","2396","2396","2396","9.490958213806152","9.490958213806152","9.490958213806152","2396","2396","2396","9.437592506408691","9.437592506408691","9.437592506408691"
"47","2447","2447","2447","9.473684310913086","9.473684310913086","9.473684310913086","2447","2447","2447","9.531815528869629","9.531815528869629","9.531815528869629","2447","2447","2447","9.484034538269043","9.484034538269043","9.484034538269043","2447","2447","2447","9.502378463745117","9.502378463745117","9.502378463745117","2447","2447","2447","9.472850799560547","9.472850799560547","9.472850799560547"
"48","2498","2498","2498","9.476348876953125","9.476348876953125","9.476348876953125","2498","2498","2498","9.512282371520996","9.512282371520996","9.512282371520996","2498","2498","2498","9.482255935668945","9.482255935668945","9.482255935668945","2498","2498","2498","9.485308647155762","9.485308647155762","9.485308647155762","2498","2498","2498","9.452181816101074","9.452181816101074","9.452181816101074"
"49","2549","2549","2549","9.443405151367188","9.443405151367188","9.443405151367188","2549","2549","2549","9.525282859802246","9.525282859802246","9.525282859802246","2549","2549","2549","9.486486434936523","9.486486434936523","9.486486434936523","2549","2549","2549","9.46431827545166","9.46431827545166","9.46431827545166","2549","2549","2549","9.451757431030273","9.451757431030273","9.451757431030273"
"50","2600","2600","2600","9.42686653137207","9.42686653137207","9.42686653137207","2600","2600","2600","9.511962890625","9.511962890625","9.511962890625","2600","2600","2600","9.483702659606934","9.483702659606934","9.483702659606934","2600","2600","2600","9.458890914916992","9.458890914916992","9.458890914916992","2600","2600","2600","9.491656303405762","9.491656303405762","9.491656303405762"
"51","2651","2651","2651","9.417603492736816","9.417603492736816","9.417603492736816","2651","2651","2651","9.519664764404297","9.519664764404297","9.519664764404297","2651","2651","2651","9.476508140563965","9.476508140563965","9.476508140563965","2651","2651","2651","9.448802947998047","9.448802947998047","9.448802947998047","2651","2651","2651","9.441170692443848","9.441170692443848","9.441170692443848"
"52","2702","2702","2702","9.44891357421875","9.44891357421875","9.44891357421875","2702","2702","2702","9.498857498168945","9.498857498168945","9.498857498168945","2702","2702","2702","9.495148658752441","9.495148658752441","9.495148658752441","2702","2702","2702","9.488123893737793","9.488123893737793","9.488123893737793","2702","2702","2702","9.457371711730957","9.457371711730957","9.457371711730957"
"53","2753","2753","2753","9.435798645019531","9.435798645019531","9.435798645019531","2753","2753","2753","9.499290466308594","9.499290466308594","9.499290466308594","2753","2753","2753","9.475406646728516","9.475406646728516","9.475406646728516","2753","2753","2753","9.442808151245117","9.442808151245117","9.442808151245117","2753","2753","2753","9.437938690185547","9.437938690185547","9.437938690185547"
"54","2804","2804","2804","9.424002647399902","9.424002647399902","9.424002647399902","2804","2804","2804","9.511092185974121","9.511092185974121","9.511092185974121","2804","2804","2804","9.492305755615234","9.492305755615234","9.492305755615234","2804","2804","2804","9.467459678649902","9.467459678649902","9.467459678649902","2804","2804","2804","9.427611351013184","9.427611351013184","9.427611351013184"
"55","2855","2855","2855","9.426807403564453","9.426807403564453","9.426807403564453","2855","2855","2855","9.505255699157715","9.505255699157715","9.505255699157715","2855","2855","2855","9.473223686218262","9.473223686218262","9.473223686218262","2855","2855","2855","9.429737091064453","9.429737091064453","9.429737091064453","2855","2855","2855","9.45495891571045","9.45495891571045","9.45495891571045"
"56","2906","2906","2906","9.487252235412598","9.487252235412598","9.487252235412598","2906","2906","2906","9.466148376464844","9.466148376464844","9.466148376464844","2906","2906","2906","9.480696678161621","9.480696678161621","9.480696678161621","2906","2906","2906","9.432978630065918","9.432978630065918","9.432978630065918","2906","2906","2906","9.43922233581543","9.43922233581543","9.43922233581543"
"57","2957","2957","2957","9.407559394836426","9.407559394836426","9.407559394836426","2957","2957","2957","9.487258911132812","9.487258911132812","9.487258911132812","2957","2957","2957","9.478501319885254","9.478501319885254","9.478501319885254","2957","2957","2957","9.443720817565918","9.443720817565918","9.443720817565918","2957","2957","2957","9.412425994873047","9.412425994873047","9.412425994873047"
"58","3008","3008","3008","9.418201446533203","9.418201446533203","9.418201446533203","3008","3008","3008","9.467486381530762","9.467486381530762","9.467486381530762","3008","3008","3008","9.466169357299805","9.466169357299805","9.466169357299805","3008","3008","3008","9.417266845703125","9.417266845703125","9.417266845703125","3008","3008","3008","9.410022735595703","9.410022735595703","9.410022735595703"
"59","3059","3059","3059","9.404397964477539","9.404397964477539","9.404397964477539","3059","3059","3059","9.460885047912598","9.460885047912598","9.460885047912598","3059","3059","3059","9.461784362792969","9.461784362792969","9.461784362792969","3059","3059","3059","9.43942928314209","9.43942928314209","9.43942928314209","3059","3059","3059","9.416290283203125","9.416290283203125","9.416290283203125"
"60","3110","3110","3110","9.404074668884277","9.404074668884277","9.404074668884277","3110","3110","3110","9.4921875","9.4921875","9.4921875","3110","3110","3110","9.446087837219238","9.446087837219238","9.446087837219238","3110","3110","3110","9.420736312866211","9.420736312866211","9.420736312866211","3110","3110","3110","9.413068771362305","9.413068771362305","9.413068771362305"
"61","3161","3161","3161","9.418752670288086","9.418752670288086","9.418752670288086","3161","3161","3161","9.467581748962402","9.467581748962402","9.467581748962402","3161","3161","3161","9.447966575622559","9.447966575622559","9.447966575622559","3161","3161","3161","9.42951488494873","9.42951488494873","9.42951488494873","3161","3161","3161","9.408164024353027","9.408164024353027","9.408164024353027"
"62","3212","3212","3212","9.400175094604492","9.400175094604492","9.400175094604492","3212","3212","3212","9.478920936584473","9.478920936584473","9.478920936584473","3212","3212","3212","9.474918365478516","9.474918365478516","9.474918365478516","3212","3212","3212","9.423624992370605","9.423624992370605","9.423624992370605","3212","3212","3212","9.41144847869873","9.41144847869873","9.41144847869873"
"63","3263","3263","3263","9.414185523986816","9.414185523986816","9.414185523986816","3263","3263","3263","9.441150665283203","9.441150665283203","9.441150665283203","3263","3263","3263","9.457045555114746","9.457045555114746","9.457045555114746","3263","3263","3263","9.45412540435791","9.45412540435791","9.45412540435791","3263","3263","3263","9.455862045288086","9.455862045288086","9.455862045288086"
"64","3314","3314","3314","9.427789688110352","9.427789688110352","9.427789688110352","3314","3314","3314","9.444602012634277","9.444602012634277","9.444602012634277","3314","3314","3314","9.45681381225586","9.45681381225586","9.45681381225586","3314","3314","3314","9.436027526855469","9.436027526855469","9.436027526855469","3314","3314","3314","9.42379093170166","9.42379093170166","9.42379093170166"
"65","3365","3365","3365","9.422698020935059","9.422698020935059","9.422698020935059","3365","3365","3365","9.474693298339844","9.474693298339844","9.474693298339844","3365","3365","3365","9.467823028564453","9.467823028564453","9.467823028564453","3365","3365","3365","9.441107749938965","9.441107749938965","9.441107749938965","3365","3365","3365","9.396342277526855","9.396342277526855","9.396342277526855"
"66","3416","3416","3416","9.40725040435791","9.40725040435791","9.40725040435791","3416","3416","3416","9.437134742736816","9.437134742736816","9.437134742736816","3416","3416","3416","9.441581726074219","9.441581726074219","9.441581726074219","3416","3416","3416","9.471686363220215","9.471686363220215","9.471686363220215","3416","3416","3416","9.41655158996582","9.41655158996582","9.41655158996582"
"67","3467","3467","3467","9.424487113952637","9.424487113952637","9.424487113952637","3467","3467","3467","9.448287010192871","9.448287010192871","9.448287010192871","3467","3467","3467","9.446032524108887","9.446032524108887","9.446032524108887","3467","3467","3467","9.428675651550293","9.428675651550293","9.428675651550293","3467","3467","3467","9.386902809143066","9.386902809143066","9.386902809143066"
"68","3518","3518","3518","9.396960258483887","9.396960258483887","9.396960258483887","3518","3518","3518","9.442198753356934","9.442198753356934","9.442198753356934","3518","3518","3518","9.440831184387207","9.440831184387207","9.440831184387207","3518","3518","3518","9.430464744567871","9.430464744567871","9.430464744567871","3518","3518","3518","9.381953239440918","9.381953239440918","9.381953239440918"
"69","3569","3569","3569","9.413376808166504","9.413376808166504","9.413376808166504","3569","3569","3569","9.45571517944336","9.45571517944336","9.45571517944336","3569","3569","3569","9.47029972076416","9.47029972076416","9.47029972076416","3569","3569","3569","9.418264389038086","9.418264389038086","9.418264389038086","3569","3569","3569","9.401579856872559","9.401579856872559","9.401579856872559"
"70","3620","3620","3620","9.434052467346191","9.434052467346191","9.434052467346191","3620","3620","3620","9.457473754882812","9.457473754882812","9.457473754882812","3620","3620","3620","9.433555603027344","9.433555603027344","9.433555603027344","3620","3620","3620","9.421587944030762","9.421587944030762","9.421587944030762","3620","3620","3620","9.389043807983398","9.389043807983398","9.389043807983398"
"71","3671","3671","3671","9.414933204650879","9.414933204650879","9.414933204650879","3671","3671","3671","9.42813491821289","9.42813491821289","9.42813491821289","3671","3671","3671","9.427888870239258","9.427888870239258","9.427888870239258","3671","3671","3671","9.403741836547852","9.403741836547852","9.403741836547852","3671","3671","3671","9.377262115478516","9.377262115478516","9.377262115478516"
"72","3722","3722","3722","9.383838653564453","9.383838653564453","9.383838653564453","3722","3722","3722","9.416695594787598","9.416695594787598","9.416695594787598","3722","3722","3722","9.431136131286621","9.431136131286621","9.431136131286621","3722","3722","3722","9.446714401245117","9.446714401245117","9.446714401245117","3722","3722","3722","9.402485847473145","9.402485847473145","9.402485847473145"
"73","3773","3773","3773","9.420758247375488","9.420758247375488","9.420758247375488","3773","3773","3773","9.455801010131836","9.455801010131836","9.455801010131836","3773","3773","3773","9.412909507751465","9.412909507751465","9.412909507751465","3773","3773","3773","9.386054992675781","9.386054992675781","9.386054992675781","3773","3773","3773","9.403837203979492","9.403837203979492","9.403837203979492"
"74","3824","3824","3824","9.398234367370605","9.398234367370605","9.398234367370605","3824","3824","3824","9.411922454833984","9.411922454833984","9.411922454833984","3824","3824","3824","9.453261375427246","9.453261375427246","9.453261375427246","3824","3824","3824","9.399399757385254","9.399399757385254","9.399399757385254","3824","3824","3824","9.386785507202148","9.386785507202148","9.386785507202148"
"75","3875","3875","3875","9.448780059814453","9.448780059814453","9.448780059814453","3875","3875","3875","9.4378662109375","9.4378662109375","9.4378662109375","3875","3875","3875","9.461965560913086","9.461965560913086","9.461965560913086","3875","3875","3875","9.431841850280762","9.431841850280762","9.431841850280762","3875","3875","3875","9.384452819824219","9.384452819824219","9.384452819824219"
"76","3926","3926","3926","9.41692066192627","9.41692066192627","9.41692066192627","3926","3926","3926","9.47687816619873","9.47687816619873","9.47687816619873","3926","3926","3926","9.427837371826172","9.427837371826172","9.427837371826172","3926","3926","3926","9.413029670715332","9.413029670715332","9.413029670715332","3926","3926","3926","9.375859260559082","9.375859260559082","9.375859260559082"
"77","3977","3977","3977","9.358159065246582","9.358159065246582","9.358159065246582","3977","3977","3977","9.408563613891602","9.408563613891602","9.408563613891602","3977","3977","3977","9.422368049621582","9.422368049621582","9.422368049621582","3977","3977","3977","9.40701675415039","9.40701675415039","9.40701675415039","3977","3977","3977","9.404669761657715","9.404669761657715","9.404669761657715"
"78","4028","4028","4028","9.373856544494629","9.373856544494629","9.373856544494629","4028","4028","4028","9.43447208404541","9.43447208404541","9.43447208404541","4028","4028","4028","9.418286323547363","9.418286323547363","9.418286323547363","4028","4028","4028","9.409367561340332","9.409367561340332","9.409367561340332","4028","4028","4028","9.381570816040039","9.381570816040039","9.381570816040039"
"79","4079","4079","4079","9.378501892089844","9.378501892089844","9.378501892089844","4079","4079","4079","9.423357009887695","9.423357009887695","9.423357009887695","4079","4079","4079","9.455465316772461","9.455465316772461","9.455465316772461","4079","4079","4079","9.397418975830078","9.397418975830078","9.397418975830078","4079","4079","4079","9.393250465393066","9.393250465393066","9.393250465393066"
"80","4130","4130","4130","9.38619613647461","9.38619613647461","9.38619613647461","4130","4130","4130","9.414316177368164","9.414316177368164","9.414316177368164","4130","4130","4130","9.413187980651855","9.413187980651855","9.413187980651855","4130","4130","4130","9.411998748779297","9.411998748779297","9.411998748779297","4130","4130","4130","9.368756294250488","9.368756294250488","9.368756294250488"
"81","4181","4181","4181","9.36739730834961","9.36739730834961","9.36739730834961","4181","4181","4181","9.425758361816406","9.425758361816406","9.425758361816406","4181","4181","4181","9.452587127685547","9.452587127685547","9.452587127685547","4181","4181","4181","9.381515502929688","9.381515502929688","9.381515502929688","4181","4181","4181","9.38608169555664","9.38608169555664","9.38608169555664"
"82","4232","4232","4232","9.390494346618652","9.390494346618652","9.390494346618652","4232","4232","4232","9.40953540802002","9.40953540802002","9.40953540802002","4232","4232","4232","9.450551986694336","9.450551986694336","9.450551986694336","4232","4232","4232","9.388962745666504","9.388962745666504","9.388962745666504","4232","4232","4232","9.377389907836914","9.377389907836914","9.377389907836914"
"83","4283","4283","4283","9.35488224029541","9.35488224029541","9.35488224029541","","","","","","","4283","4283","4283","9.42525863647461","9.42525863647461","9.42525863647461","4283","4283","4283","9.380969047546387","9.380969047546387","9.380969047546387","4283","4283","4283","9.374246597290039","9.374246597290039","9.374246597290039"
"84","4334","4334","4334","9.35524845123291","9.35524845123291","9.35524845123291","","","","","","","4334","4334","4334","9.420957565307617","9.420957565307617","9.420957565307617","4334","4334","4334","9.400449752807617","9.400449752807617","9.400449752807617","4334","4334","4334","9.374919891357422","9.374919891357422","9.374919891357422"
"85","4385","4385","4385","9.366506576538086","9.366506576538086","9.366506576538086","","","","","","","4385","4385","4385","9.413398742675781","9.413398742675781","9.413398742675781","4385","4385","4385","9.409310340881348","9.409310340881348","9.409310340881348","4385","4385","4385","9.374917984008789","9.374917984008789","9.374917984008789"
"86","4436","4436","4436","9.38052749633789","9.38052749633789","9.38052749633789","","","","","","","4436","4436","4436","9.434330940246582","9.434330940246582","9.434330940246582","4436","4436","4436","9.380837440490723","9.380837440490723","9.380837440490723","4436","4436","4436","9.377710342407227","9.377710342407227","9.377710342407227"
"87","4487","4487","4487","9.357142448425293","9.357142448425293","9.357142448425293","","","","","","","4487","4487","4487","9.424478530883789","9.424478530883789","9.424478530883789","4487","4487","4487","9.375570297241211","9.375570297241211","9.375570297241211","4487","4487","4487","9.370613098144531","9.370613098144531","9.370613098144531"
"88","4538","4538","4538","9.385213851928711","9.385213851928711","9.385213851928711","","","","","","","4538","4538","4538","9.421656608581543","9.421656608581543","9.421656608581543","4538","4538","4538","9.36668872833252","9.36668872833252","9.36668872833252","4538","4538","4538","9.358136177062988","9.358136177062988","9.358136177062988"
"89","4589","4589","4589","9.389122009277344","9.389122009277344","9.389122009277344","","","","","","","4589","4589","4589","9.4160795211792","9.4160795211792","9.4160795211792","4589","4589","4589","9.384876251220703","9.384876251220703","9.384876251220703","4589","4589","4589","9.362279891967773","9.362279891967773","9.362279891967773"
"90","4640","4640","4640","9.389832496643066","9.389832496643066","9.389832496643066","","","","","","","","","","","","","4640","4640","4640","9.404455184936523","9.404455184936523","9.404455184936523","4640","4640","4640","9.362821578979492","9.362821578979492","9.362821578979492"
"91","4691","4691","4691","9.369019508361816","9.369019508361816","9.369019508361816","","","","","","","","","","","","","4691","4691","4691","9.384098052978516","9.384098052978516","9.384098052978516","4691","4691","4691","9.361092567443848","9.361092567443848","9.361092567443848"
"92","4742","4742","4742","9.378336906433105","9.378336906433105","9.378336906433105","","","","","","","","","","","","","4742","4742","4742","9.365463256835938","9.365463256835938","9.365463256835938","4742","4742","4742","9.367753028869629","9.367753028869629","9.367753028869629"
"93","4793","4793","4793","9.352182388305664","9.352182388305664","9.352182388305664","","","","","","","","","","","","","4793","4793","4793","9.381858825683594","9.381858825683594","9.381858825683594","4793","4793","4793","9.37848949432373","9.37848949432373","9.37848949432373"
"94","4844","4844","4844","9.351944923400879","9.351944923400879","9.351944923400879","","","","","","","","","","","","","4844","4844","4844","9.390402793884277","9.390402793884277","9.390402793884277","4844","4844","4844","9.360301971435547","9.360301971435547","9.360301971435547"
"95","4895","4895","4895","9.3891019821167","9.3891019821167","9.3891019821167","","","","","","","","","","","","","4895","4895","4895","9.375654220581055","9.375654220581055","9.375654220581055","4895","4895","4895","9.379087448120117","9.379087448120117","9.379087448120117"
"96","4946","4946","4946","9.350057601928711","9.350057601928711","9.350057601928711","","","","","","","","","","","","","4946","4946","4946","9.392488479614258","9.392488479614258","9.392488479614258","4946","4946","4946","9.337132453918457","9.337132453918457","9.337132453918457"
"97","4997","4997","4997","9.38672924041748","9.38672924041748","9.38672924041748","","","","","","","","","","","","","4997","4997","4997","9.379040718078613","9.379040718078613","9.379040718078613","4997","4997","4997","9.345595359802246","9.345595359802246","9.345595359802246"
"98","5048","5048","5048","9.35969352722168","9.35969352722168","9.35969352722168","","","","","","","","","","","","","5048","5048","5048","9.352446556091309","9.352446556091309","9.352446556091309","5048","5048","5048","9.348426818847656","9.348426818847656","9.348426818847656"
"99","5099","5099","5099","9.35644817352295","9.35644817352295","9.35644817352295","","","","","","","","","","","","","5099","5099","5099","9.370078086853027","9.370078086853027","9.370078086853027","5099","5099","5099","9.341137886047363","9.341137886047363","9.341137886047363"